{
    "boy": "EChT6TsBLKZs2jzCDuaf.Gf9MY2SDK/tiTE4SigCXBW.2p4PLMCz2n7IXLbWBCUz4yt+l6J6E7fNPBHG/o/gtbs=",
    "k1": "ECSFXKAKgMk4iESSyEHd.BSKiKAh3RYF5cZVV4BWrBq.nMxYHBfMqsX29QVnm4hILsL9r5KOc443TcDE2iQYHX8=",
    "k2": "ECSFXKAKgMk4iESSyEHd.BSKiKAh3RYF5cZVV4BWrBq.nMxYHBfMqsX29QVnm4hILsL9r5KOc443TcDE2iQYHX8=",
    "k3": "ECrvMmV7xwb7jVRn2KD1.TOrKtg7ZhHz/XbFCmM4kiq.R+q7BjDmIX/OJZIKQl6wa8gxW+EA5r6WkTwzScTDB7A=",
    "k4": "ECwQq9iWbxpYErEEBWmc.kzVozpDMOCqxKbnx5bDRha.GMTtRE0fo6uMUKdbkwjLM61DbDRDYh+oya8ogqeQEEM=",
    "k5": "EC5RQCPXhYxnClFp73ld.nkZIVKkei9MKLT0MMeaTpq.f8G2FI/o8vwWEyhLihHVmekHhQqyzYTvIfDACXSiE8I=",
    "k6": "ECu6Ndhv0NkjwEHg91Nb.tsQWC51ByANSbhrQtwO7QW.PMOujfXIcKffLZpTNW9bXkFHCFzL1qLOmUNoWw54Xbc=",
    "k7": "EC964YyebqSZ98App7t3.2Mjt92hwLa/fJfCAH/c0OW.DHK5GXFivcK16V0L5sIjqVbim5AAlmHYZbYOueg011s=",
    "k8": "ECZ8CJxiCVG5OwMcqnR9.1xmlY6CqTVIAbKM/ISq6Aq.3QJY8bVIUxSSNpi7nykPvCLr7IYKUY9OIhQ12pR4GbI=",
    "k9": "ECHqLWSok1tKoFKl2Jlf./Czcz/d4l8iEOlNgRDlDhW.cY8/cOgF86kh0g7h2ESPXXj/53OW/S5OLmgm9Cx7efA=",
    "k10": "ECh0M58d94NH14jbFIq4.hzkHhT1Q2sizBKPyRMqpja.dCtfhWcNoEpoP1XtdhIBt8l9C519wlkmkr3/4xDiekY=",
    "sw": "ECFxY8Gm1jRy6fjxSpB7.nbUa0LHHKw5TPV7mv+SVbW.T6r/XXU5wQOtK633w8XawU+W8k07tw7OZ1B7E502nik="
}
