{
    "restartPoint": {},
    "restartBot": {},
    "userAgent": {},
    "keyCommand": "",
    "namecreator": "Boy-FirA",
    "autoAdd": false,
    "autoJoin": false,
    "autoReject": false,
    "autoLeave": true,
    "autoRead": false,
    "server": {},
    "changePicture": false,
    "changeGroupPicture": false,
    "autoJoinTicket": true,
    "Img": {},
    "Images": {},
    "Addimage": false,
    "Boy-FirAAdmin": {},
    "Boy-FirAGfoto": {},
    "Boy-FirASDadmin": false,
    "Boy-FirASDstaff": false,
    "Boy-FirASadmin": false,
    "Boy-FirASstaff": false,
    "Boy-FirAStaff": {},
    "Boy-FirAautojoin": true,
    "Boy-FirAautoread": false,
    "Boy-FirAautoscan": false,
    "Boy-FirAblacklist": {},
    "Boy-FirAdblacklist": false,
    "Boy-FirAfoto": {},
    "Boy-FirAgreet": {},
    "Boy-FirAlimit": 1,
    "Boy-FirAmessage": "Hallo...",
    "Boy-FirAmessage1": "Creator ?]�?line.me/R/ti/p/~limbizkids?�[?",
    "Boy-FirAprotcancel": {},
    "Boy-FirAprotinvite": {},
    "Boy-FirAprotkick": {},
    "Boy-FirAprotqr": {},
    "Boy-FirAreadMember": {},
    "Boy-FirAreadPoint": {},
    "Boy-FirAwblacklist": false
}
