{
    "restartPoint": {},
    "restartBot": {},
    "userAgent": {},
    "keyCommand": "",
    "namecreator": "NONAME",
    "autoAdd": false,
    "autoJoin": false,
    "autoReject": false,
    "autoLeave": true,
    "autoRead": false,
    "server": {},
    "changePicture": false,
    "changeGroupPicture": false,
    "autoJoinTicket": true,
    "Img": {},
    "Images": {},
    "Addimage": false,
    "AFAdmin": {},
    "AFGfoto": {},
    "AFSDadmin": false,
    "AFSDstaff": false,
    "AFSadmin": false,
    "AFSstaff": false,
    "AFStaff": {},
    "AFautojoin": true,
    "AFautoread": false,
    "AFautoscan": false,
    "AFblacklist": {},
    "AFdblacklist": false,
    "AFfoto": {},
    "AFgreet": {},
    "AFlimit": 1,
    "AFmessage": "Hello...",
    "AFmessage1": "Creator https://line.me/ti/p/VZHiyySn_h",
    "AFprotcancel": {},
    "AFprotinvite": {},
    "AFprotkick": {},
    "AFprotqr": {},
    "AFreadMember": {},
    "AFreadPoint": {},
    "AFwblacklist": false
}
