{
    "Mentiongift": false,
    "Mentionkick": false,
    "Respontag": "ngapain lu ngetag gue? Mau bilang kalo lu udah punya pacar? Gue ga butuh info lu. Kalo lu udah punya baru lu boleh tag gue ??",
    "Talkblacklist": {},
    "Talkdblacklist": false,
    "Talkwblacklist": false,
    "addadmin": false,
    "addbots": false,
    "addstaff": false,
    "admin": {},
    "autoAdd": true,
    "autoJoin": true,
    "autoJoinTicket": true,
    "autoLeave": false,
    "autoLeave1": false,
    "blacklist": {},
    "invite":{},
    "bots": {},
    "comment": "Like like & like by SELFBOT-BY:MAX",
    "Timeline": false,
    "contact": false,
    "dblacklist": false,
    "delladmin": false,
    "dellbots": false,
    "dellstaff": false,
    "detectMention": true,
    "Kickallmember":true,
    "leave": "Good Bye, See You Next Time ??",
    "limit": 1,
    "mention": "read bae, nongol napa bales chat -_-",
    "message": "บัญชีนี้ได้รับการป้องกันโดย\n🇹🇭 SELFBOT-BY:MAX 🇹🇭\nทางบัญชีจึงขอทำการบล็อค\nเพื่อความปลอดภัยในบัญชี 😈",
    "owner": {},
    "selfbot": true,
    "staff": {},
    "sticker": false,
    "talkban": false,
    "unsend": false,
    "wblacklist": false,
    "welcome": "Selamat datang!!!",
    "welcomeOn": false
}
